expected_sentiment,text,model_output,confidence_score
positive,"@stellargirl I loooooooovvvvvveee my Kindle2. Not that the DX is cool, but the 2 is fantastic in its own right.",positive,0.9839921593666077
positive,Reading my kindle2...  Love it... Lee childs is good read.,positive,0.9873184561729431
positive,"Ok, first assesment of the #kindle2 ...it fucking rocks!!!",positive,0.9485465288162231
positive,@kenburbary You'll love your Kindle2. I've had mine for a few months and never looked back. The new big one is huge! No need for remorse! :),positive,0.9834555983543396
positive,@mikefish  Fair enough. But i have the Kindle2 and I think it's perfect  :),positive,0.9709419012069702
positive,@richardebaker no. it is too big. I'm quite happy with the Kindle2.,positive,0.824151337146759
negative,Fuck this economy. I hate aig and their non loan given asses.,negative,0.9556979537010193
positive,Jquery is my new best friend.,positive,0.9489337205886841
positive,Loves twitter,positive,0.9410896897315979
positive,how can you not love Obama? he makes jokes about himself.,positive,0.533113956451416
neutral,Check this video out -- President Obama at the White House Correspondents' Dinner http://bit.ly/IMXUM,neutral,0.7937620282173157
negative,"@Karoli I firmly believe that Obama/Pelosi have ZERO desire to be civil.  It's a charade and a slogan, but they want to destroy conservatism",negative,0.9141016006469727
positive,"House Correspondents dinner was last night whoopi, barbara &amp; sherri went, Obama got a standing ovation",neutral,0.6999677419662476
positive,Watchin Espn..Jus seen this new Nike Commerical with a Puppet Lebron..sh*t was hilarious...LMAO!!!,positive,0.7188707590103149
negative,"dear nike, stop with the flywire. that shit is a waste of science. and ugly. love, @vincentx24x",negative,0.9143410325050354
positive,"#lebron best athlete of our generation, if not all time (basketball related) I don't want to get into inter-sport debates about   __1/2",neutral,0.505739152431488
negative,I was talking to this guy last night and he was telling me that he is a die hard Spurs fan.  He also told me that he hates LeBron James.,negative,0.5379148721694946
positive,i love lebron. http://bit.ly/PdHur,positive,0.9697829484939575
negative,"@ludajuice Lebron is a Beast, but I'm still cheering 4 the A..til the end.",positive,0.9351058006286621
positive,@Pmillzz lebron IS THE BOSS,positive,0.816006600856781
positive,"@sketchbug Lebron is a hometown hero to me, lol I love the Lakers but let's go Cavs, lol",positive,0.9685062170028687
positive,lebron and zydrunas are such an awesome duo,positive,0.9664830565452576
positive,@wordwhizkid Lebron is a beast... nobody in the NBA comes even close.,positive,0.9206796884536743
positive,downloading apps for my iphone! So much fun :-) There literally is an app for just about anything.,positive,0.9849114418029785
positive,"good news, just had a call from the Visa office, saying everything is fine.....what a relief! I am sick of scams out there! Stealing!",positive,0.6426227688789368
positive,http://twurl.nl/epkr4b - awesome come back from @biz (via @fredwilson),positive,0.980182409286499
positive,In montreal for a long weekend of R&amp;R. Much needed.,positive,0.9420773386955261
positive,Booz Allen Hamilton has a bad ass homegrown social collaboration platform. Way cool!  #ttiv,positive,0.9709967374801636
positive,[#MLUC09] Customer Innovation Award Winner: Booz Allen Hamilton -- http://ping.fm/c2hPP,positive,0.742392897605896
positive,"@SoChi2 I current use the Nikon D90 and love it, but not as much as the Canon 40D/50D. I chose the D90 for the  video feature. My mistake.",neutral,0.43793532252311707
neutral,need suggestions for a good IR filter for my canon 40D ... got some? pls DM,neutral,0.7366569638252258
neutral,@surfit: I just checked my google for my business- blip shows up as the second entry! Huh. Is that a good or ba... ? http://blip.fm/~6emhv,neutral,0.6165428757667542
positive,"@phyreman9 Google is always a good place to look. Should've mentioned I worked on the Mustang w/ my Dad, @KimbleT.",positive,0.6583139896392822
negative,Played with an android google phone. The slide out screen scares me I would break that fucker so fast. Still prefer my iPhone.,negative,0.8566861152648926
negative,US planning to resume the military tribunals at Guantanamo Bay... only this time those on trial will be AIG execs and Chrysler debt holders,neutral,0.7427935004234314
negative,omg so bored &amp; my tattoooos are so itchy!!  help! aha =),negative,0.8590397238731384
negative,I'm itchy and miserable!,negative,0.9076963067054749
negative,"@sekseemess no. I'm not itchy for now. Maybe later, lol.",neutral,0.5044832825660706
positive,RT @jessverr I love the nerdy Stanford human biology videos - makes me miss school. http://bit.ly/13t7NR,positive,0.950660228729248
positive,"@spinuzzi: Has been a bit crazy, with steep learning curve, but LyX is really good for long docs. For anything shorter, it would be insane.",positive,0.8642591238021851
positive,"I'm listening to ""P.Y.T"" by Danny Gokey &lt;3 &lt;3 &lt;3 Aww, he's so amazing. I &lt;3 him so much :)",positive,0.9901077747344971
positive,is going to sleep then on a bike ride:],neutral,0.8133415579795837
negative,cant sleep... my tooth is aching.,negative,0.9128068089485168
negative,"Blah, blah, blah same old same old. No plans today, going back to sleep I guess.",negative,0.8240057826042175
negative,"glad i didnt do Bay to Breakers today, it's 1000 freaking degrees in San Francisco wtf",negative,0.8569322228431702
neutral,is in San Francisco at Bay to Breakers.,neutral,0.9439024329185486
neutral,just landed at San Francisco,neutral,0.7720442414283752
neutral,San Francisco today.  Any suggestions?,neutral,0.9385477304458618
negative,?Obama Administration Must Stop Bonuses to AIG Ponzi Schemers ... http://bit.ly/2CUIg,neutral,0.517593264579773
negative,started to think that Citi is in really deep s&amp;^t. Are they gonna survive the turmoil or are they gonna be the next AIG?,negative,0.8783857822418213
negative,ShaunWoo hate'n on AiG,negative,0.740208089351654
positive,@YarnThing you will not regret going to see Star Trek. It was AWESOME!,positive,0.9886642098426819
neutral,On my way to see Star Trek @ The Esquire.,positive,0.6252117156982422
neutral,Going to see star trek soon with my dad.,positive,0.775428295135498
negative,annoying new trend on the internets:  people picking apart michael lewis and malcolm gladwell.  nobody wants to read that.,negative,0.9273456931114197
neutral,Bill Simmons in conversation with Malcolm Gladwell http://bit.ly/j9o50,neutral,0.9237477779388428
positive,Highly recommend: http://tinyurl.com/HowDavidBeatsGoliath by Malcolm Gladwell,positive,0.9155014753341675
positive,Blink by malcolm gladwell amazing book and The tipping point!,positive,0.975119411945343
positive,Malcolm Gladwell might be my new man crush,positive,0.6605349779129028
negative,omg. The commercials alone on ESPN are going to drive me nuts.,negative,0.8275806903839111
positive,@robmalon Playing with Twitter API sounds fun.  May need to take a class or find a new friend who like to generate results with API code.,positive,0.8401215672492981
neutral,playing with cURL and the Twitter API,neutral,0.9381253719329834
positive,Hello Twitter API ;),positive,0.9204007387161255
neutral,playing with Java and the Twitter API,neutral,0.90240877866745
negative,@morind45 Because the twitter api is slow and most client's aren't good.,negative,0.8983304500579834
negative,yahoo answers can be a butt sometimes,negative,0.7763030529022217
positive,is scrapbooking with Nic =D,positive,0.6798790693283081
positive,RT @mashable: Five Things Wolfram Alpha Does Better (And Vastly Different) Than Google - http://bit.ly/6nSnR,positive,0.6902390718460083
positive,just changed my default pic to a Nike basketball cause bball is awesome!!!!!,positive,0.9755977392196655
neutral,"Nike owns NBA Playoffs ads w/ LeBron, Kobe, Carmelo? http://ow.ly/7Uiy  #Adidas #Billups #Howard  #Marketing #Branding",neutral,0.9408354163169861
neutral,"'Next time, I'll call myself Nike'",neutral,0.7497150301933289
neutral,New blog post: Nike SB Dunk Low Premium 'White Gum' http://tr.im/lOtT,neutral,0.858835756778717
negative,RT @SmartChickPDX: Was just told that Nike layoffs started today :-(,negative,0.8915079832077026
positive,Back when I worked for Nike we had one fav word : JUST DO IT! :),positive,0.9343926310539246
positive,"By the way, I'm totally inspired by this freaky Nike commercial: http://snurl.com/icgj9",positive,0.9022307991981506
neutral,"giving weka an app engine interface, using the bird strike data for the tests, the logo is a given.",neutral,0.8912992477416992
neutral,"Brand New Canon EOS 50D 15MP DSLR Camera Canon 17-85mm IS Lens ...: Web Technology Thread, Brand New Canon EOS 5.. http://u.mavrev.com/5a3t",neutral,0.7339820861816406
positive,Class... The 50d is supposed to come today :),positive,0.8872784376144409
negative,needs someone to explain lambda calculus to him! :(,negative,0.8284907341003418
negative,Took the Graduate Field Exam for Computer Science today.  Nothing makes you feel like more of an idiot than lambda calculus.,negative,0.8328716158866882
positive,SHOUT OUTS TO ALL EAST PALO ALTO FOR BEING IN THE BUILDIN KARIZMAKAZE 50CAL GTA! ALSO THANKS TO PROFITS OF DOOM UNIVERSAL HEMPZ CRACKA......,positive,0.9281622767448425
negative,"@legalgeekery Yeahhhhhhhhh, I wouldn't really have lived in East Palo Alto if I could have avoided it.  I guess it's only for the summer.",negative,0.6759317517280579
positive,@accannis @edog1203 Great Stanford course. Thanks for making it available to the public! Really helpful and informative for starting off!,positive,0.987235963344574
neutral,"NVIDIA Names Stanford's Bill Dally Chief Scientist, VP Of Research http://bit.ly/Fvvg9",neutral,0.8872759938240051
neutral,New blog post: Harvard Versus Stanford - Who Wins? http://bit.ly/MCoCo,neutral,0.8859540224075317
positive,@ work til 6pm... lets go lakers!!!,positive,0.864747166633606
negative,Damn you North Korea. http://bit.ly/KtMeQ,negative,0.9297789335250854
negative,Can we just go ahead and blow North Korea off the map already?,negative,0.63555508852005
negative,"North Korea, please cease this douchebaggery. China doesn't even like you anymore. http://bit.ly/NeHSl",negative,0.922915518283844
negative,Why the hell is Pelosi in freakin China? and on whose dime?,negative,0.9170127511024475
negative,"Are YOU burning more cash $$$ than Chrysler and GM? Stop the financial tsunami. Where ""bailout"" means taking a handout!",negative,0.8706595301628113
negative,insects have infected my spinach plant :(,negative,0.9322084188461304
negative,wish i could catch every mosquito in the world n burn em slowly.they been bitin the shit outta me 2day.mosquitos are the assholes of insects,negative,0.9365997910499573
negative,"just got back from church, and I totally hate insects.",negative,0.9358634352684021
negative,Just got mcdonalds goddam those eggs make me sick. O yeah Laker up date go lakers. Not much of an update? Well it's true so suck it,negative,0.936920166015625
positive,omgg i ohhdee want mcdonalds damn i wonder if its open lol =],positive,0.9149128198623657
negative,History exam studying ugh,neutral,0.49775540828704834
negative,"I hate revision, it's so boring! I am totally unprepared for my exam tomorrow :( Things are not looking good...",negative,0.9555131793022156
negative,"Higher physics exam tommorow, not lookin forward to it much :(",negative,0.9253899455070496
negative,"It's a bank holiday, yet I'm only out of work now. Exam season sucks:(",negative,0.9118812680244446
negative,Cheney and Bush are the real culprits - http://fwix.com/article/939496,negative,0.8435166478157043
negative,Life?s a bitch? and so is Dick Cheney. #p2 #bipart #tlot #tcot #hhrs #GOP #DNC http://is.gd/DjyQ,negative,0.9043751955032349
negative,"Dick Cheney's dishonest speech about torture, terror, and Obama. -Fred Kaplan Slate. http://is.gd/DiHg",negative,0.764573335647583
negative,"""The Republican party is a bunch of anti-abortion zealots who couldn't draw flies to a dump."" -- Neal Boortz (just now, on the radio)",negative,0.7786346077919006
negative,is Twitter's connections API broken? Some tweets didn't make it to Twitter...,negative,0.7770538330078125
negative,"i srsly hate the stupid twitter API timeout thing, soooo annoying!!!!! :(",negative,0.9588878750801086
positive,"@psychemedia I really liked @kswedberg's ""Learning jQuery"" book. http://bit.ly/pg0lT is worth a look too",positive,0.9812341332435608
neutral,jQuery UI 1.6 Book Review - http://cfbloggers.org/?c=30631,neutral,0.9102526307106018
positive,"Very Interesting Ad from Adobe by Goodby, Silverstein &amp; Partners - YouTube - Adobe CS4: Le Sens Propre http://bit.ly/VprpT",positive,0.9488932490348816
positive,Goodby Silverstein agency new site! http://www.goodbysilverstein.com/ Great!,positive,0.9829225540161133
positive,"RT @designplay Goodby, Silverstein's new site: http://www.goodbysilverstein.com/ I enjoy it. *nice find!*",positive,0.9866477251052856
positive,The ever amazing Psyop and Goodby Silverstein &amp; Partners for HP! http://bit.ly/g2rU8 Have to go play with After Effects now!,positive,0.9790473580360413
positive,top ten most watched on Viral-Video Chart.  Love the nike #mostvaluablepuppets campaign from Wieden &amp; Kennedy http://bit.ly/nR1n9,positive,0.9645013809204102
positive,zomg!!! I have a G2!!!!!!!,positive,0.9121113419532776
positive,Ok so lots of buzz from IO2009 but how lucky are they - a Free G2!! http://is.gd/Hyzl,positive,0.9473724365234375
positive,just got a free G2 android at google i/o!!!,positive,0.9116475582122803
positive,Guess I'll be retiring my G1 and start using my developer G2 woot #googleio,positive,0.6157147884368896
neutral,At GWT fireside chat @googleio,neutral,0.9102034568786621
positive,I am happy for Philip being at GoogleIO today,positive,0.9830372929573059
positive,Lakers played great!  Cannot wait for Thursday night Lakers vs. ???,positive,0.9905883073806763
neutral,"Hi there, does anyone have a great source for advice on viral marketing?... http://link.gs/YtZ8",neutral,0.5375210046768188
positive,Judd Apatow creates fake sitcom on NBC.com to market his new movie... viral marketing at its best. http://is.gd/K0yK,negative,0.5894528031349182
neutral,"Here's A case study on how to use viral marketing to add over 10,000 people to your list http://snipr.com/i50oz",neutral,0.6218531727790833
negative,VIRAL MARKETING FAIL. This Acia Pills brand oughta get shut down for hacking into people's messenger's.  i get 5-6 msgs in a day! Arrrgh!,negative,0.9517740607261658
positive,watching Night at The Museum . Lmao,neutral,0.6848229765892029
positive,i loved night at the museum!!!,positive,0.9879944324493408
neutral,going to see the new night at the museum  movie with my family oh boy a three year old in the movies fuin,positive,0.49542468786239624
positive,just got back from the movies.  went to see the new night at the museum with rachel.  it was good,positive,0.9780640602111816
neutral,Just saw the new Night at the Museum movie...it was...okay...lol 7\10,positive,0.9460421800613403
neutral,Going to see night at the museum 2 with tall boy,neutral,0.5740159153938293
positive,@shannyoday I will take you on a date to see night at the museum 2 whenever you want...it looks soooooo good,positive,0.9789052605628967
positive,no watching The Night At The Museum. Getting Really Good,positive,0.8733242750167847
positive,"Night at the Museum, Wolverine and junk food - perfect monday!",positive,0.9720039367675781
positive,saw night at the museum 2 last night.. pretty crazy movie.. but the cast was awesome so it was well worth it. Robin Williams forever!,positive,0.9817329049110413
neutral,I saw Night at the Museum: Battle of the Swithsonian today. It was okay. Your typical [kids] Ben Stiller movie.,positive,0.8973351716995239
neutral,Taking Katie to see Night at the Museum.  (she picked it),neutral,0.5838115215301514
negative,Night at the Museum tonite instead of UP. :( oh well. that 4 yr old better enjoy it. LOL,negative,0.3656679689884186
neutral,GM says expects announcment on sale of Hummer soon - Reuters: WDSUGM says expects announcment on sale of Hummer .. http://bit.ly/4E1Fv,neutral,0.8799580335617065
negative,It's unfortunate that after the Stimulus plan was put in place twice to help GM on the back of the American people has led to the inevitable,negative,0.8902137875556946
negative,Tell me again why we are giving more $$ to GM?? We should use that $ for all the programs that support the unemployed.,negative,0.6656740307807922
negative,@jdreiss oh yes but if GM dies it will only be worth more boo hahaha,neutral,0.42643657326698303
negative,Time Warner cable is down again 3rd time since Memorial Day bummer!,negative,0.9264733791351318
negative,"I would rather pay reasonable yearly taxes for ""free"" fast internet, than get gouged by Time Warner for a slow connection.",negative,0.6631028056144714
negative,NOOOOOOO my DVR just died and I was only half way through the EA presser. Hate you Time Warner,negative,0.9473949074745178
negative,F*ck Time Warner Cable!!! You f*cking suck balls!!! I have a $700 HD tv &amp; my damn HD channels hardly ever come in. Bullshit!!,negative,0.9603735208511353
negative,time warner has the worse customer service ever. I will never use them again,negative,0.9534579515457153
negative,Time warner is the devil. Worst possible time for the Internet to go out.,negative,0.9494151473045349
negative,Fuck no internet damn time warner!,negative,0.944922924041748
negative,time warner really picks the worst time to not work. all i want to do is get to mtv.com so i can watch the hills. wtfffff.,negative,0.8676177263259888
negative,I hate Time Warner! Soooo wish I had Vios. Cant watch the fricken Mets game w/o buffering. I feel like im watching free internet porn.,negative,0.9384731650352478
negative,Ahh...got rid of stupid time warner today &amp; now taking a nap while the roomies cook for me. Pretty good end for a monday :),positive,0.9578121900558472
negative,Time Warner's HD line up is crap.,negative,0.9279494285583496
negative,is being fucked by time warner cable. didnt know modems could explode. and Susan Boyle sucks too!,negative,0.9627642035484314
neutral,Time Warner Cable Pulls the Plug on 'The Girlfriend Experience' - (www.tinyurl.com/m595fk),neutral,0.9289562702178955
negative,Time Warner Cable slogan: Where calling it a day at 2pm Happens.,neutral,0.879000723361969
neutral,"Rocawear Heads to China, Building 300 Stores  - http://tinyurl.com/nofet3",neutral,0.9362635016441345
neutral,"Climate focus turns to Beijing: The United Nations, the US and European governments have called on China to co-o.. http://tinyurl.com/lto92n",neutral,0.8909677863121033
neutral,myfoxdc Barrie Students Back from Trip to China: A Silver Spring high school's class trip to China has en.. http://tinyurl.com/nlhqba,neutral,0.9456958770751953
neutral,"Three China aerospace giants develop Tianjin Binhai  New Area,  22.9 B yuan invested   http://bit.ly/mMiDv",neutral,0.8480415940284729
neutral,http://xi.gs/04FO GM CEO: China will continue to be key partner,neutral,0.7281852960586548
neutral,RT @LATimesautos is now the time to buy a GM car? http://bit.ly/nRzlu,neutral,0.9233647584915161
negative,Recovering from surgery..wishing @julesrenner was here :(,neutral,0.40368911623954773
positive,"My wrist still hurts. I have to get it looked at. I HATE the dr/dentist/scary places. :( Time to watch Eagle eye. If you want to join, txt!",negative,0.9057513475418091
neutral,Dentist tomorrow. Have to brush well in the morning. Like I make my hair all nice before I get it cut. Why?,neutral,0.4831560254096985
negative,"THE DENTIST LIED! "" U WON'T FEEL ANY DISCOMORT! PROB WON'T EVEN NEED PAIN PILLS"" MAN U TWIPPIN THIS SHIT HURT!! HOW MANY PILLS CAN I TAKE!!",negative,0.937741219997406
negative,@kirstiealley my dentist is great but she's expensive...=(,negative,0.8625810742378235
neutral,@kirstiealley Pet Dentist http://www.funnyville.com/fv/pictures/dogdentures.shtml,neutral,0.8050941824913025
positive,is studing math ;) tomorrow exam and dentist :),positive,0.836199164390564
negative,my dentist was wrong... WRONG,negative,0.914183497428894
negative,Going to the dentist later.:|,negative,0.7387927174568176
negative,Son has me looking at cars online.  I hate car shopping.  Would rather go to the dentist!  Anyone with a good car at a good price to sell?,negative,0.7930644750595093
neutral,NCAA Baseball Super Regional - Rams Club http://bit.ly/Ro7nx,neutral,0.9277986288070679
neutral,just started playing Major League Baseball 2K9. http://raptr.com/H3LLGWAR,neutral,0.890404999256134
neutral,Cardinals baseball advance to Super Regionals. Face CS-Fullerton Friday.,neutral,0.8089041113853455
neutral,Sony coupon code.. Expires soon.. http://www.coupondork.com/r/1796,neutral,0.49712708592414856
neutral,waiting in line at safeway.,neutral,0.8969069123268127
negative,luke and i got stopped walking out of safeway and asked to empty our pockets and lift our shirts. how jacked up is that?,negative,0.7446895837783813
neutral,Did not realize there is a gym above Safeway!,neutral,0.6705992817878723
neutral,"@XPhile1908 I have three words for you: ""Safeway dot com""",neutral,0.7646270394325256
positive,Safeway is very rock n roll tonight,neutral,0.5795546174049377
neutral,Bout to hit safeway I gotta eat,neutral,0.7191981673240662
neutral,Jake's going to safeway!,neutral,0.6173195838928223
neutral,Found a safeway. Picking up a few staples.,neutral,0.5364169478416443
neutral,Safeway Super-marketing via mobile coupons http://bit.ly/ONH7w,neutral,0.8284438848495483
negative,The safeway bathroom still smells like ass!,negative,0.9291970729827881
negative,"At safeway on elkhorn, they move like they're dead!",negative,0.8057758808135986
neutral,Your Normal Weight (and How to Get There) ? Normal Eating Blog http://bit.ly/ZeT8O,neutral,0.8750917911529541
neutral,Is Eating and Watching Movies....,neutral,0.8807775974273682
neutral,eating sashimi,neutral,0.7151732444763184
neutral,is eating  home made yema,neutral,0.8215226531028748
neutral,eating cake,positive,0.4904356896877289
positive,i love Dwight Howard's vitamin water commercial... now i wish he was with NIKE and not adidas. lol.,positive,0.9299718141555786
negative,Found NOTHING at Nike Factory :/ Off to Banana Republic Outlet! http://myloc.me/2zic,negative,0.8420842289924622
neutral,iPhone May Get Radio Tagging and Nike  : Recently-released iTunes version 8.2 suggests that VoiceOver functional.. http://tinyurl.com/oq5ctc,neutral,0.7003628015518188
positive,is lovin his Nike  already and that's only from running on the spot in his bedroom,positive,0.9279048442840576
neutral,Launched! http://imgsearch.net  #imgsearch #ajax #jquery #webapp,positive,0.5639628767967224
positive,@matthewcyan I finally got around to using jquery to make my bio collapse. Yay for slide animations.,positive,0.8436266779899597
neutral,RT @jquery: The Ultimate jQuery List - http://jquerylist.com/,neutral,0.7088400721549988
neutral,I just extracted and open-sourced a jQuery plugin from Stormweight to highlight text with a regular expression: http://bit.ly/ybJKb,neutral,0.7180247902870178
neutral,@anna_debenham what was the php jquery hack?,neutral,0.6385406851768494
neutral,jQuery Cheat Sheet http://www.javascripttoolbox.com/jquery/cheatsheet/,neutral,0.8121335506439209
neutral,Beginning JavaScript and CSS Development with jQuery #javascript #css #jquery http://bit.ly/TO3e5,neutral,0.76580411195755
positive,"@PDubyaD right!!! LOL we'll get there!! I have high expectations, Warren Buffet style.",positive,0.9491971731185913
positive,"RT @blknprecious1: RT GREAT @dbroos ""Someone's sitting in the shade today because someone planted a tree a long time ago.""- Warren Buffet",neutral,0.7779936790466309
neutral,Warren Buffet on the economy http://ping.fm/Lau0p,neutral,0.6826106309890747
positive,"Warren Buffet became (for a time) the richest man in the United States, not by working but investing in 1 Big idea which lead to the fortune",positive,0.7289311289787292
positive,"According to the create a school, Notre Dame will have 7 receivers in NCAA 10 at 84 or higher rating :) *sweet*",positive,0.901486337184906
neutral,All-Star Basketball Classic Tuesday Features Top Talent: Chattanooga's Notre Dame High School will play host.. http://bit.ly/qltJA,neutral,0.694847047328949
positive,@BlondeBroad it's definitely under warranty &amp; my experience is the amazon support for kindle is great! had to contact them about my kindle2,positive,0.9653783440589905
neutral,"RT Look, Available !Amazon Kindle2 &amp; Kindle DX, Get it Here: http://short.to/87ub The Top Electronic Book Reader Period, free 2 day ship ...",positive,0.6246891021728516
negative,Time Warner Road Runner customer support here absolutely blows. I hate not having other high-speed net options. I'm ready to go nuclear.,negative,0.9550896883010864
negative,Time Warner cable phone reps r dumber than nails!!!!! UGH! Cable was working 10 mins ago now its not WTF!,negative,0.9540106654167175
negative,@siratomofbones we tried but Time Warner wasn't being nice so we recorded today. :),positive,0.49735987186431885
negative,OMG - time warner f'ed up my internet install - instead of today  its now NEXT saturday - another week w/o internet! &amp;$*ehfa^V9fhg[*# fml.,negative,0.9507087469100952
negative,"wth..i have never seen a line this loooong at time warner before, ugh.",negative,0.8136183023452759
negative,Impatiently awaiting the arrival of the time warner guy. It's way too pretty to be inside all afternoon,positive,0.9488734602928162
neutral,Man accosts Roger Federer during French Open http://ff.im/3HCPT,neutral,0.9339243173599243
negative,Naive Bayes using EM for Text Classification. Really Frustrating...,negative,0.8826249837875366
positive,We went to Stanford University today. Got a tour. Made me want to go back to college. It's also decided all of our kids will go there.,positive,0.8881386518478394
neutral,Investigation pending on death of Stanford CS prof / Google mentor Rajeev Motwani http://bit.ly/LwOUR tip @techmeme,neutral,0.7969326376914978
neutral,"I'm going to bed. It was a successful weekend. Stanford, here I come.",positive,0.9634471535682678
negative,"@KarrisFoxy If you're being harassed by calls about your car warranty, changing your number won't fix that. They call every number. #d-bags",negative,0.8809190392494202
negative,Just blocked United Blood Services using Google Voice. They call more than those Car Warranty guys.,negative,0.8706521391868591
negative,#at&amp;t is complete fail.,negative,0.9351410269737244
negative,@broskiii OH SNAP YOU WORK AT AT&amp;T DON'T YOU,neutral,0.8220245838165283
negative,@Mbjthegreat i really dont want AT&amp;T phone service..they suck when it comes to having a signal,negative,0.9460954070091248
negative,"I say we just cut out the small talk: AT&amp;T's new slogan: F__k you, give us your money. (Apologies to Bob Geldof.)",negative,0.777340829372406
negative,pissed about at&amp;t's mid-contract upgrade price for the iPhone (it's $200 more) I'm not going to pay $499 for something I thought was $299,negative,0.9324617981910706
negative,Safari 4 is fast :) Even on my shitty AT&amp;T tethering.,positive,0.8453640341758728
negative,@ims What is AT&amp;T fucking up?,negative,0.947097897529602
negative,@springsingfiend @dvyers @sethdaggett @jlshack AT&amp;T dropped the ball and isn't supporting crap with the new iPhone 3.0... FAIL #att SUCKS!!!,negative,0.9578781127929688
negative,"@MMBarnhill yay, glad you got the phone! Still, damn you, AT&amp;T.",positive,0.698726236820221
neutral,Google Wave Developer Sandbox Account Request http://bit.ly/2NYlc,neutral,0.8878573775291443
negative,"Talk is Cheap: Bing that, I?ll stick with Google. http://bit.ly/XC3C8",neutral,0.5524306893348694
negative,"@defsounds WTF is the point of deleting tweets if they can still be found in summize and searches? Twitter, please fix that. Thanks and bye",negative,0.8570457100868225
neutral,@mattcutts have google profiles stopped showing up in searches? cant see them anymore,negative,0.62375408411026
positive,@ArunBasilLal I love Google Translator too ! :D Good day mate !,positive,0.9891314506530762
positive,reading on my new Kindle2!,positive,0.7610456943511963
positive,My Kindle2 came and I LOVE it! :),positive,0.9896228313446045
positive,"LOVING my new Kindle2.  Named her Kendra in case u were wondering. The ""cookbook"" is THE tool cuz it tells u all the tricks!  Best gift EVR!",positive,0.9862751960754395
negative,The real AIG scandal / http://bit.ly/b82Px,neutral,0.7326220870018005
neutral,Any twitter to aprs apps yet?,neutral,0.8878647089004517
neutral,45 Pros You Should Be Following on Twitter - http://is.gd/sMbZ,neutral,0.5792480111122131
positive,Obama is quite a good comedian! check out his dinner speech on CNN :) very funny jokes.,positive,0.9830467104911804
positive,"' Barack Obama shows his funny side "" &gt;&gt; http://tr.im/l0gY !! Great speech..",positive,0.9834486842155457
positive,"I like this guy : ' Barack Obama shows his funny side "" &gt;&gt; http://tr.im/l0gY !!",positive,0.9717459678649902
positive,Obama's speech was pretty awesome last night! http://bit.ly/IMXUM,positive,0.9841665029525757
positive,"Reading  ""Bill Clinton Fail - Obama Win?"" http://tinyurl.com/pcyxj7",neutral,0.8727819323539734
positive,Obama More Popular Than U.S. Among Arabs: Survey: President Barack Obama's popularity in leading Arab countries .. http://tinyurl.com/prlvqu,neutral,0.5484090447425842
positive,Obama's got JOKES!! haha just got to watch a bit of his after dinner speech from last night... i'm in love with mr. president ;),positive,0.9860718846321106
negative,LEbron james got in a car accident i guess..just heard it on evening news...wow i cant believe it..will he be ok ? http://twtad.com/69750,negative,0.7742083668708801
positive,is it me or is this the best the playoffs have been in years oh yea lebron and melo in the finals,positive,0.966239333152771
positive,"@khalid0456 No, Lebron is the best",positive,0.8236840963363647
positive,@the_real_usher LeBron is cool.  I like his personality...he has good character.,positive,0.9289321899414062
positive,Watching Lebron highlights. Damn that niggas good,positive,0.8768016695976257
positive,@Lou911 Lebron is MURDERING shit.,negative,0.9041561484336853
positive,@uscsports21 LeBron is a monsta and he is only 24. SMH The world ain't ready.,negative,0.5227172374725342
positive,@cthagod when Lebron is done in the NBA he will probably be greater than Kobe. Like u said Kobe is good but there alot of 'good' players.,positive,0.49399295449256897
positive,KOBE IS GOOD BT LEBRON HAS MY VOTE,positive,0.8782941102981567
negative,Kobe is the best in the world not lebron .,positive,0.5370295643806458
positive,"@asherroth World Cup 2010 Access?? Damn, that's a good look!",positive,0.9550485610961914
positive,Just bought my tickets for the 2010 FIFA World Cup in South Africa. Its going to be a great summer. http://bit.ly/9GEZI,positive,0.976592481136322
neutral,Share: Disruption...Fred Wilson's slides for his talk at Google HQ  http://bit.ly/Bo8PG,neutral,0.9248050451278687
negative,I have to go to Booz Allen Hamilton for a 2hr meeting :(  But then i get to go home :),neutral,0.40444478392601013
positive,"The great Indian tamasha truly will unfold from May 16, the result day for Indian General Election.",positive,0.7968888878822327
positive,"@crlane I have the Kindle2. I've seen pictures of the DX, but haven't seen it in person. I love my Kindle - I'm on it everyday.",positive,0.9091687202453613
positive,@criticalpath Such an awesome idea - the  continual learning program with a Kindle2  http://bit.ly/1ZLfF,positive,0.9860036969184875
neutral,ok.. do nothing.. just thinking about 40D,neutral,0.7624849677085876
positive,"@faithbabywear Ooooh, what model are you getting??? I have the 40D and LOVE LOVE LOVE LOVE it!",positive,0.9877378940582275
positive,The Times of India: The wonder that is India's election. http://bit.ly/p7u1H,positive,0.5768875479698181
positive,http://is.gd/ArUJ Good video from Google on using search options.,positive,0.960656464099884
negative,@ambcharlesfield lol. Ah my skin is itchy :( damn lawnmowing.,negative,0.891874372959137
negative,itchy back!! dont ya hate it!,negative,0.7286465167999268
positive,Stanford Charity Fashion Show a top draw http://cli.gs/NeNuAH,positive,0.6159482598304749
positive,Stanford University?s Facebook Profile is One of the Most Popular Official University Pages - http://tinyurl.com/p5b3fl,positive,0.9238072633743286
positive,Lyx is cool.,positive,0.8716813325881958
positive,SOOO DISSAPOiNTED THEY SENT DANNY GOKEY HOME... YOU STiLL ROCK ...DANNY ... MY HOMETOWN HERO !! YEAH MiLROCKEE!!,positive,0.9553203582763672
positive,"RT @PassionModel 'American Idol' fashion: Adam Lambert tones down, Danny Gokey cute ... http://cli.gs/7JWSHV",neutral,0.5049002170562744
positive,@dannygokey I love you DANNY GOKEY!! :),positive,0.9863285422325134
neutral,RT @justindavey: RT @tweetmeme GM OnStar now instantly sends accident location coordinates to 911 | GPS Obsessed http://bit.ly/16szL1,neutral,0.9067385196685791
negative,so tired. i didn't sleep well at all last night.,negative,0.8977334499359131
negative,Boarding plane for San Francisco in 1 hour; 6 hr flight. Blech.,negative,0.7547290921211243
negative,bonjour San Francisco. My back hurts from last night..,negative,0.8597881197929382
neutral,"breakers. in San Francisco, CA http://loopt.us/4v88Bw.t",neutral,0.787621259689331
neutral,Heading to San Francisco,neutral,0.8454253673553467
positive,With my best girl for a few more hours in San francisco. Mmmmmfamily is wonderful!,positive,0.9897386431694031
negative,"F*** up big, or go home - AIG",negative,0.4920974373817444
positive,Went to see the Star Trek movie last night.  Very satisfying.,positive,0.9840908646583557
positive,"I can't wait, going to see star trek tonight!!",positive,0.9903364181518555
positive,Star Trek was as good as everyone said!!,positive,0.9833754897117615
positive,am loving new malcolm gladwell book - outliers,positive,0.9861419796943665
positive,I highly recommend Malcolm Gladwell's 'The Tipping Point.' My next audiobook will probably be one of his as well.,positive,0.976851761341095
negative,Malcolm Gladwell is a genius at tricking people into not realizing he's a fucking idiot,negative,0.8677394390106201
negative,"@sportsguy33 hey no offense but malcolm gladwell is a pretenious, annoying cunt and he brings you down. cant read his shit",negative,0.9478294253349304
positive,RT @clashmore: http://bit.ly/SOYv7  Great article by Malcolm Gladwell.,positive,0.9598228335380554
positive,I seriously underestimated Malcolm Gladwell.  I want to meet this dude.,positive,0.4709681570529938
negative,i hate comcast right now. everything is down cable internet &amp; phone....ughh what am i to do,negative,0.9593501687049866
negative,Comcast sucks.,negative,0.9236924648284912
negative,The day I never have to deal with Comcast again will rank as one of the best days of my life.,positive,0.8954167366027832
negative,@Dommm did comcast fail again??,negative,0.8202639222145081
neutral,How do you use the twitter API?... http://bit.ly/4VBhH,neutral,0.9457619786262512
negative,curses the Twitter API limit,neutral,0.6178373694419861
negative,"Now I can see why Dave Winer screams about lack of Twitter API, its limitations and access throttles!",negative,0.7427175641059875
neutral,testing Twitter API,neutral,0.8285703659057617
negative,Arg. Twitter API is making me crazy.,negative,0.7817656993865967
neutral,Testing Twitter API. Remote Update,neutral,0.8821979761123657
positive,I'm really loving the new search site Wolfram/Alpha. Makes Google seem so ... quaint. http://www72.wolframalpha.com/,positive,0.9817907810211182
negative,"#wolfram Alpha SUCKS! Even for researchers the information provided is less than you can get from #google or #wikipedia, totally useless!",negative,0.9475205540657043
positive,Off to the NIKE factory!!!,positive,0.5817291140556335
positive,New nike muppet commercials are pretty cute. Why do we live together again?,positive,0.9052737951278687
neutral,New blog post: Nike Zoom LeBron Soldier 3 (III) - White / Black - Teal http://bit.ly/rouUS,neutral,0.8819651007652283
neutral,New blog post: Nike Trainer 1 http://bit.ly/394bp,neutral,0.8138565421104431
negative,@Fraggle312 oh those are awesome! i so wish they weren't owned by nike :(,positive,0.6834245920181274
positive,@tonyhawk http://twitpic.com/5c7uj - AWESOME!!! Seeing the show Friday at the Shoreline Amphitheatre. Never seen NIN before. Can't wait. ...,positive,0.9880266189575195
negative,"arhh, It's weka bug. = ="" and I spent almost two hours to find that out. crappy me",negative,0.9356898069381714
positive,"@mitzs hey bud :) np I do so love my 50D, although I'd love a 5D mkII more",positive,0.9812961220741272
positive,@jonduenas @robynlyn just got us a 50D for the office. :D,positive,0.9382206201553345
positive,Just picked up my new Canon 50D...it's beautiful!!  Prepare for some seriously awesome photography!,positive,0.988362729549408
positive,Just got my new toy. Canon 50D. Love love love it!,positive,0.9887933135032654
positive,Learning about lambda calculus :),positive,0.9388875365257263
neutral,"#jobs #sittercity Help with taking care of sick child (East Palo Alto, CA) http://tinyurl.com/qwrr2m",neutral,0.8692160248756409
positive,I'm moving to East Palo Alto!,positive,0.5040926933288574
positive,@ atebits I just finished watching your Stanford iPhone Class session. I really appreciate it. You Rock!,positive,0.986946165561676
positive,@jktweet Hi! Just saw your Stanford talk and really liked your advice. Just saying Hi from Singapore (yes the videos do get around),positive,0.9732585549354553
neutral,#MBA Admissions Tips Stanford GSB Deadlines and Essay Topics 2009-2010 http://tinyurl.com/pet4fd,neutral,0.941775918006897
neutral,Ethics and nonprofits - http://bit.ly/qsXRp  #stanford #socialentrepreneurship,neutral,0.9017981290817261
positive,LAKERS tonight let's go!!!!,positive,0.9416576027870178
positive,Will the Lakers kick the Nuggets ass tonight?,neutral,0.5863782167434692
negative,Oooooooh... North Korea is in troubleeeee! http://bit.ly/19epAH,negative,0.8538884520530701
negative,Wat the heck is North Korea doing!!??!! They just conducted powerful nuclear tests! Follow the link: http://www.msnbc.msn.com/id/30921379,negative,0.854468584060669
negative,Listening to Obama... Friggin North Korea...,negative,0.8400892019271851
negative,"I just realized we three monkeys in the white Obama.Biden,Pelosi . Sarah Palin 2012",neutral,0.5617828965187073
negative,@foxnews Pelosi should stay in China and never come back.,negative,0.79741370677948
negative,Nancy Pelosi gave the worst commencement speech I've ever heard. Yes I'm still bitter about this,negative,0.9597017168998718
negative,ugh. the amount of times these stupid insects have bitten me. Grr..,negative,0.9500259757041931
positive,Prettiest insects EVER - Pink Katydids: http://bit.ly/2Upw2p,positive,0.9654854536056519
negative,Just got barraged by a horde of insects hungry for my kitchen light. So scary.,negative,0.9108113646507263
positive,Just had McDonalds for dinner. :D It was goooood. Big Mac Meal. ;),positive,0.9908379912376404
positive,AHH YES LOL IMA TELL MY HUBBY TO GO GET ME SUM MCDONALDS =],positive,0.9549949765205383
positive,Stopped to have lunch at McDonalds. Chicken Nuggetssss! :) yummmmmy.,positive,0.9795931577682495
positive,Could go for a lot of McDonalds. i mean A LOT.,positive,0.7730152010917664
positive,my exam went good. @HelloLeonie: your prayers worked (:,positive,0.9759398698806763
positive,"Only one exam left, and i am so happy for it :D",positive,0.9907785654067993
negative,Math review. Im going to fail the exam.,negative,0.8983036279678345
negative,Colin Powell rocked yesterday on CBS. Cheney needs to shut the hell up and go home.Powell is a man of Honor and served our country proudly,positive,0.5390744805335999
negative,obviously not siding with Cheney here: http://bit.ly/19j2d,neutral,0.6048759818077087
positive,Absolutely hilarious!!! from @mashable:  http://bit.ly/bccWt,positive,0.9738070964813232
positive,@mashable I never did thank you for including me in your Top 100 Twitter Authors! You Rock! (&amp; I New Wave :-D) http://bit.ly/EOrFV,positive,0.9782401919364929
neutral,Learning jQuery 1.3 Book Review - http://cfbloggers.org/?c=30629,neutral,0.8389384150505066
positive,RT @shrop: Awesome JQuery reference book for Coda! http://www.macpeeps.com/coda/ #webdesign,positive,0.9693952798843384
positive,I've been sending e-mails like crazy today to my contacts...does anyone have a contact at Goodby SIlverstein...I'd love to speak to them,positive,0.6666956543922424
neutral,Adobe CS4 commercial by Goodby Silverstein: http://bit.ly/1aikhF,neutral,0.7890272736549377
positive,"Goodby, Silverstein's new site... http://www.goodbysilverstein.com/ I enjoy it.",positive,0.9811218976974487
positive,Wow everyone at the Google I/O conference got free G2's with a month of unlimited service,positive,0.9466712474822998
positive,@vkerkez dood I got a free google android phone at the I/O conference. The G2!,positive,0.8760363459587097
positive,"@Orli the G2 is amazing btw, a HUGE improvement over the G1",positive,0.9845863580703735
positive,"HTML 5 Demos! Lots of great stuff to come! Yes, I'm excited. :) http://htmlfive.appspot.com #io2009 #googleio",positive,0.989993155002594
positive,@googleio http://twitpic.com/62shi - Yay! Happy place! Place place!  I love Google!,positive,0.9900062680244446
positive,#GoogleIO | O3D - Bringing 3d graphics to the browser. Very nice tbh. Funfun.,positive,0.9863955974578857
positive,"Awesome viral marketing for ""Funny People"" http://www.nbc.com/yo-teach/",positive,0.9718790650367737
neutral,"Watching a programme about the life of Hitler, its only enhancing my geekiness of history.",neutral,0.4619617760181427
negative,saw night at the museum out of sheer desperation. who is funding these movies?,negative,0.7306137681007385
positive,Night At The Museum 2? Pretty furkin good.,positive,0.9800335764884949
positive,Watching Night at the Museum - giggling.,positive,0.7271392941474915
neutral,"@pambeeslyjenna Jenna, I went to see Night At The Museum 2 today and I was so surprised to see three cast members from The Office...",positive,0.7693263292312622
neutral,About to watch Night at the Museum with Ryan and Stacy,neutral,0.8657331466674805
neutral,"Getting ready to go watch Night at the Museum 2.  Dum dum, you give me gum gum!",positive,0.5277163982391357
negative,"Back from seeing 'Star Trek' and 'Night at the Museum.' 'Star Trek' was amazing, but 'Night at the Museum' was; eh.",positive,0.6230559349060059
positive,just watched night at the museum 2! so stinkin cute!,positive,0.9834340810775757
positive,"So, Night at the Museum 2 was AWESOME! Much better than part 1. Next weekend we'll see Up.",positive,0.9894864559173584
neutral,"I think I may have a new favorite restaurant. On our way to see ""Night at the Museum 2‚Äù.",positive,0.9571512937545776
neutral,"UP! was sold out, so i'm seeing Night At The Museum 2. I'm __ years old.",neutral,0.48297831416130066
positive,saw the new Night at the Museum and i loved it. Next is to go see UP in 3D,positive,0.9859154224395752
negative,It is a shame about GM. What if they are forced to make only cars the White House THINKS will sell? What do you think?,negative,0.8800627589225769
negative,"As u may have noticed, not too happy about the GM situation, nor AIG, Lehman, et al",negative,0.7240946292877197
neutral,Obama: Nationalization of GM to be short-term   (AP) http://tinyurl.com/md347r,neutral,0.8448469042778015
negative,@Pittstock $GM good riddance.  sad though.,negative,0.8082050681114197
negative,"I Will NEVER Buy a Government Motors Vehicle: Until just recently, I drove GM cars. Since 1988, when I bought a .. http://tinyurl.com/lulsw8",negative,0.5597918033599854
negative,Having the old Coca-Cola guy on the GM board is stupid has heck! #tcot #ala,negative,0.9099937081336975
negative,#RantsAndRaves The worst thing about GM (concord / pleasant hill / martinez): is the fucking UAW. ..   http://buzzup.com/4ueb,negative,0.9440609216690063
negative,"Give a man a fish, u feed him for the day. Teach him to fish, u feed him for life. Buy him GM, and u F**K him over for good.",negative,0.5033793449401855
negative,"The more I hear about this GM thing the more angry I get. Billions wasted, more bullshit. All for something like 40k employees and all the..",negative,0.9471995830535889
negative,@QuantTrader i own a GM car and it is junk as far as quality compared to a honda,negative,0.830716609954834
negative,sad day...bankrupt GM,negative,0.9040365815162659
negative,is upset about the whole GM thing. life as i know it is so screwed up,negative,0.9430378079414368
negative,whoever is running time warner needs to be repeatedly raped by a rhino so they understand the consequences of putting out shitty cable svcs,negative,0.9238619208335876
neutral,"Time Warner CEO hints at online fees for magazines      (AP) - Read from Mountain View,United States. Views 16209 http://bit.ly/UdFCH",neutral,0.9519108533859253
negative,#WFTB Joining a bit late. My connection was down (boo time warner),negative,0.7981718182563782
negative,Cox or Time Warner?  Cox is cheaper and gets a B on dslreports.  TW is more expensive and gets a C.,neutral,0.7501409649848938
negative,i am furious with time warner and their phone promotions!,negative,0.9428011178970337
negative,Just got home from chick-fil-a with the boys. Damn my internets down =( stupid time warner,negative,0.934628963470459
negative,could time-warner cable suck more?  NO.,negative,0.9325856566429138
negative,Pissed at Time Warner for causin me to have slow internet problems,negative,0.9442670941352844
negative,"@sportsguy33 Ummm, having some Time Warner problems?",neutral,0.6135309934616089
negative,You guys see this?  Why does Time Warner have to suck so much ass?  Really wish I could get U-Verse at my apartment. http://bit.ly/s594j,negative,0.9286726117134094
negative,"RT @sportsguy33 The upside to Time Warner: unhelpful phone operators   superslow on-site service. Crap, that's not an upside.",negative,0.864987850189209
negative,"RT @sportsguy33: New Time Warner slogan: ""Time Warner, where we make you long for the days before cable.""",positive,0.6702395081520081
negative,"confirmed: it's Time Warner's fault, not Facebook's, that fb is taking about 3 minutes to load. so tempted to switch to verizon =/",negative,0.8860238790512085
negative,@sportsguy33 Time Warner = epic fail,negative,0.6974100470542908
neutral,Lawson to head Newedge Hong Kong http://bit.ly/xLQSD #business #china,neutral,0.9360893964767456
neutral,Weird Piano Guitar House in China! http://u2s.me/72i8,neutral,0.8364965319633484
neutral,Send us your GM/Chevy photos http://tinyurl.com/luzkpq,neutral,0.8031600117683411
negative,I know. How sad is that?  RT @caseymercier: 1st day of hurricane season. That's less scarey than govt taking over GM.,negative,0.8157041072845459
negative,"GM files Bankruptcy, not a good sign...",negative,0.8901740908622742
positive,yankees won mets lost. its a good day.,positive,0.9487931728363037
positive,My dentist appt today was actually quite enjoyable.,positive,0.9793902635574341
negative,I hate the effing dentist.,negative,0.9347886443138123
neutral,@stevemoakler i had a dentist appt this morning and had the same conversation!,neutral,0.6894664168357849
negative,@kirstiealley I hate going to the dentist.. !!!,negative,0.9051622152328491
negative,i hate the dentist....who invented them anyways?,negative,0.9505881667137146
negative,this dentist's office is cold :/,negative,0.9006463885307312
neutral,Check this video out -- David After Dentist http://bit.ly/47aW2,neutral,0.6953041553497314
neutral,First dentist appointment [in years] on Wednesday possibly.,neutral,0.8420513272285461
neutral,Tom Shanahan's latest column on SDSU and its NCAA Baseball Regional appearance: http://ow.ly/axhu,neutral,0.9584528207778931
neutral,BaseballAmerica.com: Blog: Baseball America Prospects Blog ? Blog ... http://bit.ly/EtT8a,neutral,0.9680376648902893
neutral,Portland city politics may undo baseball park http://tinyurl.com/lpjquj,neutral,0.6292713284492493
neutral,"RT @WaterSISWEB: CA Merced's water bottled by Safeway, resold at a profit: Wells are drying up across the county http://tinyurl.com/mb573s",neutral,0.7458337545394897
neutral,dropped her broccoli walking home from safeway! ;( so depressed,negative,0.9230753779411316
neutral,@ronjon we don't have Safeway.,neutral,0.5249478220939636
positive,Just applied at Safeway!(: Yeeeee!,positive,0.9509283900260925
negative,@ Safeway. Place is a nightmare right now. Bumming.,negative,0.9432467222213745
neutral,at safeway with dad,neutral,0.8034725785255432
negative,"HATE safeway select green tea icecream! bought two cartons, what a waste of money.  &gt;_&lt;",negative,0.9564825296401978
neutral,"Safeway with Marvin, Janelle, and Auntie Lhu",neutral,0.9323511719703674
neutral,Safeway offering mobile coupons http://bit.ly/ONH7w,neutral,0.6980932354927063
neutral,"Phillies Driving in the Cadillac with the Top Down in Cali, Win 5-3 - http://tinyurl.com/nzcjqa",neutral,0.7191547751426697
neutral,Saved money by opting for grocery store trip and stocking food in hotel room fridge vs. eating out every night while out of town.,neutral,0.6918109059333801
neutral,"Lounging around, eating Taco Bell and watching NCIS before work tonight. Need help staying awake.",neutral,0.6760239601135254
neutral,eating breakfast and then school,neutral,0.8203594088554382
neutral,still hungry after eating....,neutral,0.77006995677948
neutral,10 tips for healthy eating ? ResultsBy Fitness Blog :: Fitness ... http://bit.ly/62gFn,neutral,0.7054967880249023
neutral,"with the boyfriend, eating a quesadilla",neutral,0.6149324178695679
neutral,"Eating dinner. Meat, chips, and risotto.",neutral,0.6216551065444946
neutral,got a new pair of nike shoes. pics up later,positive,0.7243858575820923
neutral,"Nike SB Blazer High ""ACG"" Custom - Brad Douglas - http://timesurl.at/45a448",neutral,0.9259266257286072
positive,Nike rocks. I'm super grateful for what I've done with them :) &amp; the European Division of NIKE is BEYOND! @whitSTYLES @muchasmuertes,positive,0.9863221645355225
neutral,Nike Air Yeezy Khaki/Pink Colorway Release - http://shar.es/bjfN,neutral,0.8427379131317139
positive,@evelynbyrne have you tried Nike  ? V. addictive.,positive,0.793241024017334
neutral,@erickoston That looks an awful lot like one of Nike's private jets....I'm just sayin....,neutral,0.5136443972587585
positive,The Nike Training Club (beta) iPhone app looks very interesting.,positive,0.9592781066894531
negative,argghhhh why won't  my jquery appear in safari bad safari !!!,negative,0.935468316078186
neutral,DevSnippets : jQuery Tools - Javascript UI Components for the Web... http://inblogs.org/go/hfuqt,neutral,0.9004243612289429
neutral,"all about Ajax,jquery ,css ,JavaScript and more... (many examples) http://ajaxian.com/",neutral,0.7422523498535156
positive,"I'm ready to drop the pretenses, I am forever in love with jQuery, and I want to marry it. Sorry ladies, this nerd is jquery.spokenFor.js",positive,0.9269012212753296
neutral,"This is cold.. I was looking at google's chart//visualization API and found this jQuery ""wrapper"" for the API...  http://tinyurl.com/mq52bq",negative,0.7904670834541321
neutral,I spent most of my day reading a jQuery book. Now to start drinking some delirium tremens.,neutral,0.6680493354797363
neutral,jquery Selectors http://codylindley.com/jqueryselectors/,neutral,0.9232090711593628
neutral,How to implement a news ticker with jQuery and ten lines of code http://bit.ly/CZnFJ,neutral,0.8406471610069275
neutral,What's Buffet Doing? Warren Buffett Kicks Butt In Battle of the Boots: Posted By:Alex Crippe.. http://bit.ly/AUIzO,neutral,0.924476146697998
positive,"SUPER INVESTORS: A great weekend read here from Warren Buffet. Oldie, but a goodie. http://tinyurl.com/oqxgga",positive,0.9784069657325745
neutral,I'm truly braindead.  I couldn't come up with Warren Buffet's name to save my soul,negative,0.8626538515090942
positive,"reading Michael Palin book, The Python Years...great book. I also recommend Warren Buffet &amp; Nelson Mandela's bio",positive,0.9611973762512207
positive,"I mean, I'm down with Notre Dame if I have to.  It's a good school, I'd be closer to Dan, I'd enjoy it.",positive,0.9153814911842346
negative,"I can't watch TV without a Tivo.  And after all these years, the Time/Warner DVR  STILL sucks. http://www.davehitt.com/march03/twdvr.html",negative,0.9187015891075134
positive,I'd say some sports writers are idiots for saying Roger Federer is one of the best ever in Tennis.  Roger Federer is THE best ever in Tennis,positive,0.6021441221237183
negative,I still love my Kindle2 but reading The New York Times on it does not feel natural. I miss the Bloomingdale ads.,negative,0.41004708409309387
positive,I love my Kindle2. No more stacks of books to trip over on the way to the loo.,positive,0.8969870209693909
negative,"Although today's keynote rocked, for every great announcement, AT&amp;T shit on us just a little bit more.",negative,0.7885685563087463
negative,"@sheridanmarfil - its not so much my obsession with cell phones, but the iphone!  i'm a slave to at&amp;t forever because of it. :)",positive,0.8194815516471863
neutral,@freitasm oh I see. I thought AT&amp;T were 900MHz WCDMA?,neutral,0.8433841466903687
neutral,@Plip Where did you read about tethering support Phil?  Just AT&amp;T or will O2 be joining in?,neutral,0.9470221996307373
negative,Fuzzball is more fun than AT&amp;T ;P http://fuzz-ball.com/twitter,positive,0.9471089243888855
negative,"Today is a good day to dislike AT&amp;T. Vote out of office indeed, @danielpunkass",negative,0.7711950540542603
positive,GOT MY WAVE SANDBOX INVITE! Extra excited! Too bad I have class now... but I'll play with it soon enough! #io2009 #wave,positive,0.9636204242706299
negative,looks like summize has gone down. too many tweets from WWDC perhaps?,negative,0.6593047976493835
neutral,I hope the girl at work  buys my Kindle2,neutral,0.5191455483436584
neutral,Missed this insight-filled May column: One smart guy looking closely at why he's impressed with Kindle2 http://bit.ly/i0peY @wroush,positive,0.5731140375137329
positive,"@sklososky Thanks so much!!! ...from one of your *very* happy Kindle2 winners ; ) I was so surprised, fabulous. Thank you! Best, Kathleen",positive,0.9900013208389282
negative,Man I kinda dislike Apple right now. Case in point: the iPhone 3GS. Wish there was a video recorder app. Please?? http://bit.ly/DZm1T,negative,0.9415795207023621
positive,@cwong08 I have a Kindle2 (&amp; Sony PRS-500). Like it! Physical device feels good. Font is nice. Pg turns are snappy enuf. UI a little klunky.,positive,0.942386269569397
positive,"The #Kindle2 seems the best eReader, but will it work in the UK and where can I get one?",positive,0.9071246385574341
positive,"I have a google addiction. Thank you for pointing that out, @annamartin123. Hahaha.",positive,0.7954933047294617
neutral,@ruby_gem My primary debit card is Visa Electron.,neutral,0.8467656970024109
neutral,Off to the bank to get my new visa platinum card,neutral,0.7496606111526489
negative,"dearest @google, you rich bastards! the VISA card you sent me doesn't work. why screw a little guy like me?",negative,0.9613759517669678
neutral,has a date with bobby flay and gut fieri from food network,neutral,0.916184663772583
positive,Excited about seeing Bobby Flay and Guy Fieri tomorrow at the Great American Food &amp; Music Fest!,positive,0.9862392544746399
positive,Gonna go see Bobby Flay 2moro at Shoreline. Eat and drink. Gonna be good.,positive,0.9601460695266724
positive,can't wait for the great american food and music festival at shoreline tomorrow.  mmm...katz pastrami and bobby flay. yes please.,positive,0.99054354429245
positive,"My dad was in NY for a day, we ate at MESA grill last night and met Bobby Flay. So much fun, except I completely lost my voice today.",positive,0.8293229341506958
negative,Fighting with LaTex. Again...,neutral,0.7298781275749207
negative,@Iheartseverus we love you too and don't want you to die!!!!!!  Latex = the devil,positive,0.47705772519111633
negative,"7 hours. 7 hours of inkscape crashing, normally solid as a rock. 7 hours of LaTeX complaining at the slightest thing. I can't take any more.",negative,0.920015275478363
neutral,How to Track Iran with Social Media: http://bit.ly/2BoqU,neutral,0.927002489566803
negative,Shit's hitting the fan in Iran...craziness indeed #iranelection,negative,0.9045616388320923
negative,Monday already. Iran may implode. Kitchen is a disaster. @annagoss seems happy. @sebulous had a nice weekend and @goldpanda is great. whoop.,negative,0.5043224096298218
neutral,Twitter Stock buzz: $AAPL $ES_F $SPY $SPX $PALM  (updated: 12:00 PM),neutral,0.8046318292617798
positive,getting ready to test out some burger receipes this weekend. Bobby Flay has some great receipes to try. Thanks Bobby.,positive,0.957730233669281
neutral,@johncmayer is Bobby Flay joining you?,neutral,0.8906746506690979
positive,i lam so in love with Bobby Flay... he is my favorite. RT @terrysimpson: @bflay you need a place in Phoenix. We have great peppers here!,positive,0.9798865914344788
negative,"I just created my first LaTeX file from scratch. That didn't work out very well. (See @amandabittner , it's a great time waster)",negative,0.572549045085907
positive,using Linux and loving it - so much nicer than windows... Looking forward to using the wysiwyg latex editor!,positive,0.9833860993385315
positive,"After using LaTeX a lot, any other typeset mathematics just looks hideous.",negative,0.8928654193878174
neutral,Ask Programming: LaTeX or InDesign?: submitted by calcio1 [link] [1 comment] http://tinyurl.com/myfmf7,neutral,0.9134032726287842
negative,"On that note, I hate Word. I hate Pages. I hate LaTeX. There, I said it. I hate LaTeX. All you TEXN3RDS can come kill me now.",negative,0.9407828450202942
positive,Ahhh... back in a *real* text editing environment. I &lt;3 LaTeX.,positive,0.965997040271759
negative,"Trouble in Iran, I see. Hmm. Iran. Iran so far away. #flockofseagullsweregeopoliticallycorrect",negative,0.6428224444389343
negative,Reading the tweets coming out of Iran... The whole thing is terrifying and incredibly sad...,negative,0.9250650405883789
